Horizon,arima_forecast,last_value,moving_average,seasonal_naive
1,0.6345007517108017,0.44155503020751247,0.4240403016998761,0.4657210401891253
7,0.8041157306029492,0.47779862414008756,0.5328888591083714,0.47779862414008756
14,0.5612240725875761,0.43780369290573373,0.35300395668471474,0.43780369290573373
28,0.877654573746084,0.6075095335875623,0.6753865817374177,0.6075095335875623
